{
  "version": 2,
  "bodyType": "male",
  "selections": {
    "body": {
      "itemId": "body",
      "variant": "light",
      "name": "Body color (light)"
    },
    "head": {
      "itemId": "heads_human_male",
      "variant": "light",
      "name": "Human male (light)"
    },
    "expression": {
      "itemId": "face_neutral",
      "variant": "light",
      "name": "Neutral (light)"
    },
    "shoes": {
      "itemId": "feet_boots_rim",
      "variant": "black",
      "name": "Rimmed Boots (black)"
    },
    "legs": {
      "itemId": "legs_leggings",
      "variant": "bluegray",
      "name": "Leggings (bluegray)"
    },
    "sleeves": {
      "itemId": "torso_clothes_shortsleeves2",
      "variant": "black",
      "name": "Shortsleeves 2 Overlay (black)"
    },
    "clothes": {
      "itemId": "torso_clothes_longsleeve",
      "variant": "rose",
      "name": "Longsleeve (rose)"
    },
    "hair": {
      "itemId": "hair_messy1",
      "variant": "black",
      "name": "Messy1 (black)"
    }
  },
  "selectedAnimation": "walk",
  "showTransparencyGrid": true,
  "applyTransparencyMask": false,
  "matchBodyColorEnabled": true,
  "compactDisplay": false,
  "enabledLicenses": {
    "CC0": true,
    "CC-BY-SA": true,
    "CC-BY": true,
    "OGA-BY": true,
    "GPL": true
  },
  "enabledAnimations": {
    "spellcast": true,
    "thrust": true,
    "walk": true,
    "slash": true,
    "shoot": true,
    "hurt": true,
    "climb": true,
    "idle": true,
    "jump": true,
    "sit": true,
    "emote": true,
    "run": true,
    "watering": true,
    "combat": true,
    "1h_slash": true,
    "1h_backslash": true,
    "1h_halfslash": true
  },
  "url": "https://liberatedpixelcup.github.io/Universal-LPC-Spritesheet-Character-Generator/#sex=male&body=Body_color_light&head=Human_male_light&expression=Neutral_light&shoes=Rimmed_Boots_black&legs=Leggings_bluegray&sleeves=Shortsleeves_2_Overlay_black&clothes=Longsleeve_rose&hair=Messy1_black",
  "layers": [
    {
      "itemId": "body",
      "variant": "light",
      "zPos": 10,
      "layerNum": 1,
      "yPos": 0,
      "isCustom": false,
      "fileName": "body/bodies/male/spellcast/light.png",
      "supportedAnimations": [
        "spellcast",
        "thrust",
        "walk",
        "slash",
        "shoot",
        "hurt",
        "climb",
        "idle",
        "jump",
        "sit",
        "emote",
        "run",
        "combat_idle",
        "backslash",
        "halfslash"
      ]
    },
    {
      "itemId": "legs_leggings",
      "variant": "bluegray",
      "zPos": 20,
      "layerNum": 1,
      "yPos": 0,
      "isCustom": false,
      "fileName": "legs/leggings/male/spellcast/bluegray.png",
      "supportedAnimations": [
        "spellcast",
        "thrust",
        "walk",
        "slash",
        "shoot",
        "hurt",
        "climb",
        "idle",
        "jump",
        "sit",
        "emote",
        "run",
        "combat_idle",
        "backslash",
        "halfslash"
      ]
    },
    {
      "itemId": "feet_boots_rim",
      "variant": "black",
      "zPos": 25,
      "layerNum": 1,
      "yPos": 0,
      "isCustom": false,
      "fileName": "feet/boots/rimmed/male/spellcast/black.png",
      "supportedAnimations": [
        "spellcast",
        "thrust",
        "walk",
        "slash",
        "shoot",
        "hurt",
        "climb",
        "idle",
        "jump",
        "sit",
        "emote",
        "run",
        "combat_idle",
        "backslash",
        "halfslash"
      ]
    },
    {
      "itemId": "torso_clothes_longsleeve",
      "variant": "rose",
      "zPos": 35,
      "layerNum": 1,
      "yPos": 0,
      "isCustom": false,
      "fileName": "torso/clothes/longsleeve/longsleeve/male/spellcast/rose.png",
      "supportedAnimations": [
        "spellcast",
        "thrust",
        "walk",
        "slash",
        "shoot",
        "hurt",
        "climb",
        "idle",
        "jump",
        "sit",
        "emote",
        "run",
        "combat_idle",
        "backslash",
        "halfslash"
      ]
    },
    {
      "itemId": "torso_clothes_shortsleeves2",
      "variant": "black",
      "zPos": 36,
      "layerNum": 1,
      "yPos": 0,
      "isCustom": false,
      "fileName": "torso/clothes/shortsleeve/shortsleeves2/male/spellcast/black.png",
      "supportedAnimations": [
        "spellcast",
        "thrust",
        "walk",
        "slash",
        "shoot",
        "hurt",
        "climb",
        "idle",
        "jump",
        "sit",
        "emote",
        "run",
        "combat_idle",
        "backslash",
        "halfslash"
      ]
    },
    {
      "itemId": "heads_human_male",
      "variant": "light",
      "zPos": 100,
      "layerNum": 1,
      "yPos": 0,
      "isCustom": false,
      "fileName": "head/heads/human/male/spellcast/light.png",
      "supportedAnimations": [
        "spellcast",
        "thrust",
        "walk",
        "slash",
        "shoot",
        "hurt",
        "climb",
        "idle",
        "jump",
        "sit",
        "emote",
        "run",
        "combat_idle",
        "backslash",
        "halfslash"
      ]
    },
    {
      "itemId": "face_neutral",
      "variant": "light",
      "zPos": 101,
      "layerNum": 1,
      "yPos": 0,
      "isCustom": false,
      "fileName": "head/faces/male/neutral/spellcast/light.png",
      "supportedAnimations": [
        "spellcast",
        "thrust",
        "walk",
        "slash",
        "shoot",
        "hurt",
        "climb",
        "idle",
        "jump",
        "sit",
        "emote",
        "run",
        "combat_idle",
        "backslash",
        "halfslash"
      ]
    },
    {
      "itemId": "hair_messy1",
      "variant": "black",
      "zPos": 120,
      "layerNum": 1,
      "yPos": 0,
      "isCustom": false,
      "fileName": "hair/messy1/adult/spellcast/black.png",
      "supportedAnimations": [
        "spellcast",
        "thrust",
        "walk",
        "slash",
        "shoot",
        "hurt",
        "climb",
        "idle",
        "jump",
        "sit",
        "emote",
        "run",
        "combat_idle",
        "backslash",
        "halfslash"
      ]
    }
  ],
  "credits": [
    {
      "fileName": "body/bodies/male/walk/light.png",
      "file": "body/bodies/male",
      "notes": "see details at https://opengameart.org/content/lpc-character-bases; 'Thick' Male Revised Run/Climb by JaidynReiman (based on ElizaWy's LPC Revised)",
      "authors": [
        "bluecarrot16",
        "JaidynReiman",
        "Benjamin K. Smith (BenCreating)",
        "Evert",
        "Eliza Wyatt (ElizaWy)",
        "TheraHedwig",
        "MuffinElZangano",
        "Durrani",
        "Johannes Sjölund (wulax)",
        "Stephen Challener (Redshrike)"
      ],
      "licenses": [
        "OGA-BY 3.0",
        "CC-BY-SA 3.0",
        "GPL 3.0"
      ],
      "urls": [
        "https://opengameart.org/content/liberated-pixel-cup-lpc-base-assets-sprites-map-tiles",
        "https://opengameart.org/content/lpc-medieval-fantasy-character-sprites",
        "https://opengameart.org/content/lpc-male-jumping-animation-by-durrani",
        "https://opengameart.org/content/lpc-runcycle-and-diagonal-walkcycle",
        "https://opengameart.org/content/lpc-revised-character-basics",
        "https://opengameart.org/content/lpc-be-seated",
        "https://opengameart.org/content/lpc-runcycle-for-male-muscular-and-pregnant-character-bases-with-modular-heads",
        "https://opengameart.org/content/lpc-jump-expanded",
        "https://opengameart.org/content/lpc-character-bases"
      ]
    },
    {
      "fileName": "head/heads/human/male/walk/light.png",
      "file": "head/heads/human/male",
      "notes": "original head by Redshrike, tweaks by BenCreating, modular version by bluecarrot16",
      "authors": [
        "bluecarrot16",
        "Benjamin K. Smith (BenCreating)",
        "Stephen Challener (Redshrike)"
      ],
      "licenses": [
        "OGA-BY 3.0",
        "CC-BY-SA 3.0",
        "GPL 3.0"
      ],
      "urls": [
        "https://opengameart.org/content/liberated-pixel-cup-lpc-base-assets-sprites-map-tiles",
        "https://opengameart.org/content/lpc-character-bases"
      ]
    },
    {
      "fileName": "head/faces/male/neutral/walk/light.png",
      "file": "head/faces",
      "notes": "Original by Redshrike, Expressions by ElizaWy, mapped to all frames by JaidynReiman",
      "authors": [
        "JaidynReiman",
        "ElizaWy",
        "Stephen Challener (Redshrike)"
      ],
      "licenses": [
        "OGA-BY 3.0"
      ],
      "urls": [
        "https://github.com/ElizaWy/LPC/tree/main/Characters/Head",
        "https://opengameart.org/content/ulpc-expanded-expressions"
      ]
    },
    {
      "fileName": "feet/boots/rimmed/male/walk/black.png",
      "file": "feet/boots/rimmed",
      "notes": "",
      "authors": [
        "JaidynReiman"
      ],
      "licenses": [
        "OGA-BY 3.0+",
        "CC-BY 3.0+",
        "GPL 3.0"
      ],
      "urls": [
        "https://opengameart.org/content/lpc-kimono-relm",
        "https://opengameart.org/content/lpc-expanded-socks-shoes"
      ]
    },
    {
      "fileName": "legs/leggings/male/walk/bluegray.png",
      "file": "legs/leggings/male",
      "notes": "Original bases by Redshrike, thrust/shoot bases by Wulax, original overalls by ElizaWy, base animations adapted from v3 overalls by bluecarrot16, leggings by JaidynReiman",
      "authors": [
        "bluecarrot16",
        "ElizaWy",
        "JaidynReiman",
        "Mandi Paugh",
        "William.Thompsonj",
        "Johannes Sjölund (wulax)",
        "Stephen Challener (Redshrike)"
      ],
      "licenses": [
        "OGA-BY 3.0",
        "GPL 3.0"
      ],
      "urls": [
        "https://github.com/ElizaWy/LPC/tree/main/Characters/Clothing",
        "https://opengameart.org/content/lpc-expanded-pants"
      ]
    },
    {
      "fileName": "torso/clothes/shortsleeve/shortsleeves2/male/walk/black.png",
      "file": "torso/clothes/shortsleeve/shortsleeves2",
      "notes": "original by ElizaWy; spellcast/thrust/shoot/hurt/male/standalone sleeves adapted from original by JaidynReiman",
      "authors": [
        "ElizaWy",
        "JaidynReiman",
        "Stephen Challener (Redshrike)",
        "Johannes Sjölund (wulax)"
      ],
      "licenses": [
        "OGA-BY 3.0"
      ],
      "urls": [
        "http://opengameart.org/content/lpc-revised-character-basics",
        "https://github.com/ElizaWy/LPC/tree/main/Characters/Clothing",
        "https://opengameart.org/content/lpc-expanded-sit-run-jump-more",
        "https://opengameart.org/content/lpc-expanded-simple-shirts"
      ]
    },
    {
      "fileName": "torso/clothes/longsleeve/longsleeve/male/walk/rose.png",
      "file": "torso/clothes/longsleeve/longsleeve/male",
      "notes": "original by wulax; tweaks and further recolors by bluecarrot16; cleanup and climb/jump/run/sit/emote/revised combat adapted from LPC Revised by JaidynReiman",
      "authors": [
        "JaidynReiman",
        "Johannes Sjölund (wulax)"
      ],
      "licenses": [
        "OGA-BY 3.0",
        "CC-BY-SA 3.0",
        "GPL 3.0"
      ],
      "urls": [
        "https://opengameart.org/content/lpc-medieval-fantasy-character-sprites",
        "http://opengameart.org/content/lpc-clothing-updates",
        "https://opengameart.org/content/lpc-revised-character-basics",
        "https://github.com/ElizaWy/LPC/tree/main/Characters/Clothing",
        "https://opengameart.org/content/lpc-expanded-sit-run-jump-more",
        "https://opengameart.org/content/lpc-expanded-simple-shirts"
      ]
    },
    {
      "fileName": "hair/messy1/adult/walk/black.png",
      "file": "hair/messy1",
      "notes": "",
      "authors": [
        "JaidynReiman",
        "Manuel Riecke (MrBeast)"
      ],
      "licenses": [
        "CC-BY-SA 3.0",
        "GPL 3.0"
      ],
      "urls": [
        "https://opengameart.org/content/liberated-pixel-cup-lpc-base-assets-sprites-map-tiles",
        "https://opengameart.org/content/lpc-expanded-hair"
      ]
    }
  ]
}