{
  "version": 2,
  "bodyType": "male",
  "selections": {
    "body": {
      "itemId": "body",
      "variant": "light",
      "name": "Body color (light)"
    },
    "head": {
      "itemId": "heads_human_male",
      "variant": "light",
      "name": "Human male (light)"
    },
    "expression": {
      "itemId": "face_neutral",
      "variant": "light",
      "name": "Neutral (light)"
    }
  },
  "selectedAnimation": "walk",
  "showTransparencyGrid": true,
  "applyTransparencyMask": false,
  "matchBodyColorEnabled": true,
  "compactDisplay": false,
  "enabledLicenses": {
    "CC0": true,
    "CC-BY-SA": true,
    "CC-BY": true,
    "OGA-BY": true,
    "GPL": true
  },
  "enabledAnimations": {
    "spellcast": false,
    "thrust": false,
    "walk": false,
    "slash": false,
    "shoot": false,
    "hurt": false,
    "climb": false,
    "idle": false,
    "jump": false,
    "sit": false,
    "emote": false,
    "run": false,
    "watering": false,
    "combat": false,
    "1h_slash": false,
    "1h_backslash": false,
    "1h_halfslash": false
  },
  "url": "https://liberatedpixelcup.github.io/Universal-LPC-Spritesheet-Character-Generator/#sex=male&body=Body_color_light&head=Human_male_light&expression=Neutral_light",
  "layers": [
    {
      "itemId": "body",
      "variant": "light",
      "zPos": 10,
      "layerNum": 1,
      "yPos": 0,
      "isCustom": false,
      "fileName": "body/bodies/male/spellcast/light.png",
      "supportedAnimations": [
        "spellcast",
        "thrust",
        "walk",
        "slash",
        "shoot",
        "hurt",
        "climb",
        "idle",
        "jump",
        "sit",
        "emote",
        "run",
        "combat_idle",
        "backslash",
        "halfslash"
      ]
    },
    {
      "itemId": "heads_human_male",
      "variant": "light",
      "zPos": 100,
      "layerNum": 1,
      "yPos": 0,
      "isCustom": false,
      "fileName": "head/heads/human/male/spellcast/light.png",
      "supportedAnimations": [
        "spellcast",
        "thrust",
        "walk",
        "slash",
        "shoot",
        "hurt",
        "climb",
        "idle",
        "jump",
        "sit",
        "emote",
        "run",
        "combat_idle",
        "backslash",
        "halfslash"
      ]
    },
    {
      "itemId": "face_neutral",
      "variant": "light",
      "zPos": 101,
      "layerNum": 1,
      "yPos": 0,
      "isCustom": false,
      "fileName": "head/faces/male/neutral/spellcast/light.png",
      "supportedAnimations": [
        "spellcast",
        "thrust",
        "walk",
        "slash",
        "shoot",
        "hurt",
        "climb",
        "idle",
        "jump",
        "sit",
        "emote",
        "run",
        "combat_idle",
        "backslash",
        "halfslash"
      ]
    }
  ],
  "credits": [
    {
      "fileName": "body/bodies/male/walk/light.png",
      "file": "body/bodies/male",
      "notes": "see details at https://opengameart.org/content/lpc-character-bases; 'Thick' Male Revised Run/Climb by JaidynReiman (based on ElizaWy's LPC Revised)",
      "authors": [
        "bluecarrot16",
        "JaidynReiman",
        "Benjamin K. Smith (BenCreating)",
        "Evert",
        "Eliza Wyatt (ElizaWy)",
        "TheraHedwig",
        "MuffinElZangano",
        "Durrani",
        "Johannes Sjölund (wulax)",
        "Stephen Challener (Redshrike)"
      ],
      "licenses": [
        "OGA-BY 3.0",
        "CC-BY-SA 3.0",
        "GPL 3.0"
      ],
      "urls": [
        "https://opengameart.org/content/liberated-pixel-cup-lpc-base-assets-sprites-map-tiles",
        "https://opengameart.org/content/lpc-medieval-fantasy-character-sprites",
        "https://opengameart.org/content/lpc-male-jumping-animation-by-durrani",
        "https://opengameart.org/content/lpc-runcycle-and-diagonal-walkcycle",
        "https://opengameart.org/content/lpc-revised-character-basics",
        "https://opengameart.org/content/lpc-be-seated",
        "https://opengameart.org/content/lpc-runcycle-for-male-muscular-and-pregnant-character-bases-with-modular-heads",
        "https://opengameart.org/content/lpc-jump-expanded",
        "https://opengameart.org/content/lpc-character-bases"
      ]
    },
    {
      "fileName": "head/heads/human/male/walk/light.png",
      "file": "head/heads/human/male",
      "notes": "original head by Redshrike, tweaks by BenCreating, modular version by bluecarrot16",
      "authors": [
        "bluecarrot16",
        "Benjamin K. Smith (BenCreating)",
        "Stephen Challener (Redshrike)"
      ],
      "licenses": [
        "OGA-BY 3.0",
        "CC-BY-SA 3.0",
        "GPL 3.0"
      ],
      "urls": [
        "https://opengameart.org/content/liberated-pixel-cup-lpc-base-assets-sprites-map-tiles",
        "https://opengameart.org/content/lpc-character-bases"
      ]
    },
    {
      "fileName": "head/faces/male/neutral/walk/light.png",
      "file": "head/faces",
      "notes": "Original by Redshrike, Expressions by ElizaWy, mapped to all frames by JaidynReiman",
      "authors": [
        "JaidynReiman",
        "ElizaWy",
        "Stephen Challener (Redshrike)"
      ],
      "licenses": [
        "OGA-BY 3.0"
      ],
      "urls": [
        "https://github.com/ElizaWy/LPC/tree/main/Characters/Head",
        "https://opengameart.org/content/ulpc-expanded-expressions"
      ]
    }
  ]
}